OBJECTID,Shape,nombre,id_ruta,codigo,recorrido,from_date,sistema,tipo,empresa,id_gflota,longitud,fecha_actualizacion,Shape_Length
1,"(4715457.633850309, 2252270.912431034)",12 de Octubre - Calle 90,90111,263,Origen Destino_Destino Origen,2018-08-01 00:00:00,2B,Directa Centro,Transporte Medellín Castilla,110585,19982.0699437667,2024-11-04 05:11:05,17662.35898047768
2,"(4715462.572997097, 2254279.9873374775)",12 de Octubre - Estación Tricentenario,90113,263i,Origen Destino_Destino Origen,2024-08-27 00:00:00,2B,Integrada,Transporte Medellín Castilla,110712,8842.359411125399,2024-11-04 05:11:05,7138.797802829405
3,"(4716905.228793093, 2255044.7912288033)",12 de Octubre - Estación Tricentenario,90114,263ii,Origen Destino_Destino Origen,2024-08-27 00:00:00,2B,Integrada,Transporte Medellín Castilla,110722,2221.2479019548273,2024-11-04 05:11:05,2221.247901958962
4,"(4710541.0989092905, 2249797.5061010984)",20 de Julio,90307,225i-1,Origen Destino_Destino Origen,2024-08-27 00:00:00,8A,Integrada,Metrosan,111912,3085.3297738651017,2024-11-04 05:11:05,2279.2471122049046
5,"(4716541.9905215055, 2249174.6770195253)",Alcázares de Sucre,90243,91,Origen Destino_Destino Origen,2024-08-27 00:00:00,6F,Directa Centro,Copatra,112915,17688.8361174609,2024-11-04 05:11:05,13085.209786760961
6,"(4715358.461966729, 2251987.2736233426)",Alfonso López Calle 94,90107,261,Origen Destino_Destino Origen,2024-08-27 00:00:00,2B,Directa Centro,Transporte Medellín Castilla,120565,17623.540845479525,2024-11-04 05:11:05,15438.998041890572
7,"(4715217.386523526, 2252600.3717943835)",Alfonso López - Viejo Terminal,90104,261A,Origen Destino_Destino Origen,2024-08-27 00:00:00,2B,Directa Centro,Transporte Medellín Castilla,110575,19400.587127675717,2024-11-04 05:11:05,15175.186019720757
8,"(4715730.710272284, 2251935.7916182126)",Alpujarra - Oriental sentido antihorario,90129,Anillo 3AH Carrera 65,Origen Destino_Destino Origen,2024-08-27 00:00:00,2B,Directa Centro,Transporte Medellín Castilla,110525,19676.5513745476,2024-11-04 05:11:05,19009.2473076661
9,"(4715361.69982018, 2251099.4806383583)",Alpujarra - Oriental sentido antihorario,90137,Anillo 3ah Carrera 73,Origen Destino_Destino Origen,2024-08-27 00:00:00,2B,Directa Centro,Transporte Medellín Castilla,110475,16782.674457086316,2024-11-04 05:11:05,15213.86369134746
10,"(4715745.91056938, 2252469.3733729427)",Alpujarra - Oriental sentido horario,90130,Anillo 3H Carrera 65,Origen Destino_Destino Origen,2024-08-27 00:00:00,2B,Directa Centro,Transporte Medellín Castilla,110515,23571.843385673747,2024-11-04 05:11:05,20989.106879245897
11,"(4715796.419653622, 2252592.672608453)",Alpujarra - Oriental sentido horario,90131,Anillo 3H Carrera 65 Horario Esp,Origen Destino_Destino Origen,2024-08-27 00:00:00,2B,Directa Centro,Transporte Medellín Castilla,112845,35949.09657082992,2024-11-04 05:11:05,23544.863361712574
12,"(4715366.7888238095, 2251173.711017396)",Alpujarra - Oriental sentido horario,90138,Anillo 3h Carrera 73,Origen Destino_Destino Origen,2024-08-27 00:00:00,2B,Directa Centro,Transporte Medellín Castilla,110465,16279.332792930272,2024-11-04 05:11:05,14710.522027197076
13,"(4716900.057569656, 2251338.9841569704)",Aranjuez anillo derecha,90209,041D,Origen Destino_Destino Origen,2024-08-27 00:00:00,6B,Directa Centro,Transporte Aranjuez Santa Cruz,121265,14658.486622962286,2024-11-04 05:11:05,14574.995350329104
14,"(4716889.27515347, 2251261.520728137)",Aranjuez anillo izquierda,90210,041I,Origen Destino_Destino Origen,2024-08-27 00:00:00,6B,Directa Centro,Transporte Aranjuez Santa Cruz,121275,13852.284943026581,2024-11-04 05:11:05,13755.231497963267
15,"(4716148.1158164535, 2251583.7136301114)",Aranjuez intermedia,90211,42,Origen Destino_Destino Origen,2024-08-27 00:00:00,6B,Directa Centro,Transporte Aranjuez Santa Cruz,111285,18893.346199207317,2024-11-04 05:11:05,17972.009693026717
16,"(4714014.407779072, 2251615.364712715)",Aures derecha,90076,253D,Origen Destino_Destino Origen,2020-04-01 00:00:00,2A,Directa Centro,Palenque Robledal,110345,18317.2032566765,2024-11-04 05:11:05,15385.35158186017
17,"(4714012.905070924, 2251617.8003252815)",Aures izquierda,90077,253I,Origen Destino_Destino Origen,2020-04-01 00:00:00,2A,Directa Centro,Palenque Robledal,110335,18698.666830455943,2024-11-04 05:11:05,15427.647407566485
18,"(4715814.180936946, 2252674.3719588723)",Av. Greiff - Puente Horacio Toro,90132,Anillo F1 Carrera 65,Origen Destino_Destino Origen,2024-08-27 00:00:00,2B,Directa Centro,Transporte Medellín Castilla,110535,15736.074870565968,2024-11-04 05:11:05,14944.328249750837
19,"(4715462.548782553, 2251796.7650901107)",Av. Greiff - Puente Horacio Toro,90139,Anillo F1 Carrera 73,Origen Destino_Destino Origen,2024-08-27 00:00:00,2B,Directa Centro,Transporte Medellín Castilla,110485,13216.197955517579,2024-11-04 05:11:05,11325.711409201218
20,"(4717185.468695951, 2247887.6790751605)",Ávila,90197,113B,Origen Destino_Destino Origen,2024-08-27 00:00:00,6A,Directa Centro,Flota la Milagrosa,111165,15835.414485843932,2024-11-04 05:11:05,9747.383100281611
21,"(4716729.954847823, 2248283.6499039456)",Ávila - Cataluña,90199,113,Origen Destino_Destino Origen,2024-08-27 00:00:00,6A,Directa Centro,Flota la Milagrosa,111176,17380.512810412067,2024-11-04 05:11:05,14520.819869115518
22,"(4717049.350221121, 2248061.409063467)",Ávila-Iglesia Cataluña,90183,102,Origen Destino_Destino Origen,2024-08-27 00:00:00,6A,Directa Centro,Cootranscataluña,111126,17208.28906796301,2024-11-04 05:11:05,10023.98130485213
23,"(4717121.085562384, 2247927.906910829)",Ávila-Iglesia Cataluña,90184,102D,Origen Destino_Destino Origen,2024-08-27 00:00:00,6A,Directa Centro,Cootranscataluña,112885,15055.479372842667,2024-11-04 05:11:05,8947.576457297506
24,"(4715661.121384504, 2251807.402707848)",Av. Regional - San Diego,90133,Anillo F2 Carrera 65,Origen Destino_Destino Origen,2024-08-27 00:00:00,2B,Directa Centro,Transporte Medellín Castilla,110545,21454.904503033496,2024-11-04 05:11:05,20771.57272145771
25,"(4713411.590539298, 2249142.3958680113)",Barrio Cristóbal-Oriental,90291,200,Origen Destino_Destino Origen,2018-08-01 00:00:00,8A,Directa Centro,Conducciones América,112215,15632.53099372814,2024-11-04 05:11:05,14160.885646884471
26,"(4713139.254252922, 2249152.9757412327)",Belencito-Corazón-Oriental,90299,203 Belencito,Origen Destino_Destino Origen,2018-08-01 00:00:00,8A,Directa Centro,Conducciones América,112265,18053.669821767333,2024-11-04 05:11:05,15499.424374249218
27,"(4713292.435416408, 2247698.6735330867)",Belén La Gloria,90143,172,Origen Destino_Destino Origen,2020-06-05 00:00:00,3A,Directa Centro,Cootrabel,110805,26659.04524915648,2024-11-04 05:11:05,21620.56048437047
28,"(4713074.655538342, 2247254.657474013)",Belén La Nubia,90145,178,Origen Destino_Destino Origen,2022-03-28 00:00:00,3A,Directa Centro,Cootrabel,110815,24512.225601512575,2024-11-04 05:11:05,19590.366140216796
29,"(4713932.384482869, 2247029.0251052408)",Belén Las Playas,90141,170,Origen Destino_Destino Origen,2022-03-28 00:00:00,3A,Directa Centro,Cootrabel,110795,22241.82224301353,2024-11-04 05:11:05,20635.61292594487
30,"(4717555.581413625, 2251514.422497738)",Bello Oriente,90236,57,Origen Destino_Destino Origen,2024-08-27 00:00:00,6E,Directa Centro,Coopetransa,121495,27519.41938612086,2024-11-04 05:11:05,19718.46491665784
31,"(4713724.010262935, 2250668.5133616226)",Blanquizal,90057,246,Origen Destino_Destino Origen,2020-04-01 00:00:00,2A,Directa Centro,Cootransblan,110015,17773.769343186847,2024-11-04 05:11:05,14130.230079838011
32,"(4713675.342238872, 2250647.6744914786)",Blanquizal Calazanía,90061,246C,Origen Destino_Destino Origen,2020-04-01 00:00:00,2A,Directa Centro,Cootransblan,110025,14964.2111147933,2024-11-04 05:11:05,12215.5660602194
33,"(4713843.489277973, 2250921.708529536)",Blanquizal Calazanía directa,90059,246D,Origen Destino_Destino Origen,2024-08-27 00:00:00,2A,Directa Centro,Cootransblan,110035,17778.26574053717,2024-11-04 05:11:05,15920.08177448943
34,"(4712255.52868912, 2251447.591000857)",Blanquizal integrada,90063,246i,Origen Destino_Destino Origen,2024-08-27 00:00:00,2A,Integrada,Cootransblan,110042,9830.676424171208,2024-11-04 05:11:05,6604.9714584605235
35,"(4712156.948958763, 2251342.689846199)",Blanquizal integrada,90064,246ii,Origen Destino_Destino Origen,2024-08-27 00:00:00,2A,Integrada,Cootransblan,110052,9354.884198800955,2024-11-04 05:11:05,6445.015390488821
36,"(4711013.211269538, 2252364.2358914395)",Boqueron Centro Horario Especial,90353,255 V3 HOR ESP,Origen Destino_Destino Origen,2024-08-27 00:00:00,2A,Directa Centro,Rápido San Cristóbal,112975,39163.48326319405,2024-11-04 05:11:05,26992.647565576917
37,"(4714990.645211049, 2251706.36206152)",Brisas,90097,260BR,Origen Destino_Destino Origen,2024-08-27 00:00:00,2A,Directa Centro,Palenque Robledal,110385,14608.176353540035,2024-11-04 05:11:05,12246.097287939227
38,"(4717920.587453858, 2247968.1602039705)",Buenos Aires,90173,96,Origen Destino_Destino Origen,2020-07-13 00:00:00,6A,Directa Centro,Flota la V,111085,21840.429370462378,2024-11-04 05:11:05,14122.84063393091
39,"(4717455.715008758, 2248271.4437910137)",Buenos Aires,90174,096 Horario Esp,Origen Destino_Destino Origen,2020-07-13 00:00:00,6A,Directa Centro,Flota la V,112855,24874.614158782017,2024-11-04 05:11:05,17157.025422250714
40,"(4717696.791133267, 2248626.24911242)",Caicedo,90267,93,Origen Destino_Destino Origen,2024-08-27 00:00:00,6H,Directa Centro,Copatra,111765,11568.450081129591,2024-11-04 05:11:05,8764.925739362594
41,"(4717687.950854675, 2248613.067424878)",Caicedo La Toma,90266,93,Origen Destino_Destino Origen,2024-08-27 00:00:00,6H,Directa Centro,Copatra,111755,11160.074220358354,2024-11-04 05:11:05,8680.291944363073
42,"(4717234.473191487, 2248914.9326022975)",Caicedo La Toma Minorista,90268,93,Origen Destino_Destino Origen,2024-08-27 00:00:00,6H,Directa Centro,Copatra,111775,13549.230838506577,2024-11-04 05:11:05,11069.448562510184
43,"(4716480.5325571615, 2250863.18541621)",Campo Valdés Centro,90220,51-52 CV-C,Origen Destino_Destino Origen,2024-08-27 00:00:00,6C,Directa Centro,Expreso Campo Valdés,121325,13382.78400567616,2024-11-04 05:11:05,10844.47943175683
44,"(4716491.716846542, 2251067.357338268)",Campo Valdés Ferrocarril,90222,51-52 CV-F,Origen Destino_Destino Origen,2024-08-27 00:00:00,6C,Directa Centro,Expreso Campo Valdés,121355,12959.480282666567,2024-11-04 05:11:05,10460.371020629327
45,"(4716721.521343945, 2251168.404531886)",Campo Valdés Oriental,90223,51-52 CV-O,Origen Destino_Destino Origen,2024-08-27 00:00:00,6C,Directa Centro,Expreso Campo Valdés,121335,12842.58050433802,2024-11-04 05:11:05,11325.652526409685
46,"(4716395.039785791, 2250525.370694018)",Campo Valdés San Diego,90224,51-52 CV-SD,Origen Destino_Destino Origen,2024-08-27 00:00:00,6C,Directa Centro,Expreso Campo Valdés,121345,16842.15771699654,2024-11-04 05:11:05,14849.251132695448
47,"(4715727.3809300065, 2252569.0566588314)",Carabobo - Av. de Greiff,90128,Anillo 1 Carrera 65,Origen Destino_Destino Origen,2024-08-27 00:00:00,2B,Directa Centro,Transporte Medellín Castilla,110505,16145.275295367768,2024-11-04 05:11:05,15477.971228491071
48,"(4715243.344799727, 2251688.0805714475)",Carabobo - Av. Greiff,90135,Anillo 1 Carrera 73,Origen Destino_Destino Origen,2024-08-27 00:00:00,2B,Directa Centro,Transporte Medellín Castilla,110445,13215.32697100685,2024-11-04 05:11:05,11646.5162052713
49,"(4710086.452647402, 2249966.905128104)",Caseta,90315,227i-C,Origen Destino_Destino Origen,2024-08-27 00:00:00,8A,Integrada,Metrosan,111952,4885.477353638738,2024-11-04 05:11:05,3446.406707722105
50,"(4715431.839233366, 2251218.6618258054)",Castillita,90115,265,Origen Destino_Destino Origen,2020-03-10 00:00:00,2B,Directa Centro,Transporte Medellín Castilla,110595,17683.46230398104,2024-11-04 05:11:05,16188.767441772552
51,"(4717349.95647202, 2248113.887891385)",Cauces-Quintalinda,90175,97,Origen Destino_Destino Origen,2024-08-27 00:00:00,6A,Directa Centro,Flota la V,111095,21864.335104211023,2024-11-04 05:11:05,12891.948771488307
52,"(4717128.251700934, 2248340.01552635)",Cauces-Quintalinda,90176,97,Origen Destino_Destino Origen,2024-08-27 00:00:00,6A,Directa Centro,Flota la V,112865,23669.691320883932,2024-11-04 05:11:05,14730.123675058483
53,"(4717590.431392656, 2248080.983511989)",Cerros de Quintalinda,90180,99,Origen Destino_Destino Origen,2024-08-27 00:00:00,6A,Directa Centro,Coopcerquin,111115,14602.45966348263,2024-11-04 05:11:05,11537.63939014162
54,"(4717341.605449209, 2248172.178519837)",Cerros de Quintalinda,90181,099 Horario Esp,Origen Destino_Destino Origen,2024-08-27 00:00:00,6A,Directa Centro,Coopcerquin,112875,16150.173400519108,2024-11-04 05:11:05,13085.35312717731
55,"(4713636.822443535, 2249209.3500789767)",Circular,90005,300,Origen Destino_Destino Origen,2022-03-28 00:00:00,"Circular Coonatra 300, 301, 310, 311",Circular,Coonatra,112447,27561.262302622294,2024-11-04 05:11:05,26930.603653796883
56,"(4713725.220179633, 2249132.85048531)",Circular,90006,301,Origen Destino_Destino Origen,2022-03-28 00:00:00,"Circular Coonatra 300, 301, 310, 311",Circular,Coonatra,112457,28393.91811644856,2024-11-04 05:11:05,27763.25946759375
57,"(4713723.162586761, 2249184.700660087)",Circular,90367,300 DIR-80,Origen Destino_Destino Origen,2024-08-27 00:00:00,"Circular Coonatra 300, 301, 310, 311",Circular,Coonatra,,26054.31764248133,2024-11-04 05:11:05,25423.65895893164
58,"(4713804.82354769, 2249101.1945694103)",Circular,90369,301 DIR-80,Origen Destino_Destino Origen,2024-08-27 00:00:00,"Circular Coonatra 300, 301, 310, 311",Circular,Coonatra,,26939.342727404277,2024-11-04 05:11:05,26308.684043830985
59,"(4715784.1972055435, 2250652.0708750715)",Circular 286,90002,286,Origen Destino_Destino Origen,2024-08-27 00:00:00,Circular 286,Circular,Combuses,112487,12713.834662593474,2024-11-04 05:11:05,12690.656756892286
60,"(4713624.85359305, 2248588.1025490034)",Circular 315,90015,315,Origen Destino_Destino Origen,2022-03-28 00:00:00,Circular 315 Y 316,Circular,Santra,112497,16697.544855487904,2024-11-04 05:11:05,16525.860571940753
61,"(4713509.118472781, 2248635.2888304526)",Circular 316,90016,316,Origen Destino_Destino Origen,2022-03-28 00:00:00,Circular 315 Y 316,Circular,Santra,112507,17307.397732524943,2024-11-04 05:11:05,17052.48626965609
62,"(4714254.684950289, 2247164.125430696)",Circular derecha 303,90001,303,Origen Destino_Destino Origen,2018-08-01 00:00:00,Circular Derecha 303,Circular,Coonatra,142427,20830.080249910556,2024-11-04 05:11:05,20830.08024991511
63,"(4714204.491506349, 2247185.0341027873)",Circular izquierda 302,90003,302,Origen Destino_Destino Origen,2018-08-01 00:00:00,Circular Izquierda 302,Circular,Autobuses Poblado Laureles,132417,21013.542950335697,2024-11-04 05:11:05,21013.54295035705
64,"(4714775.546510238, 2251912.915314767)",Clínica,90094,260CL,Origen Destino_Destino Origen,2024-08-27 00:00:00,2A,Directa Centro,Palenque Robledal,110365,17053.637489882673,2024-11-04 05:11:05,14354.102796039342
65,"(4710516.624560014, 2249741.392171045)",Colinas,90308,225i-2,Origen Destino_Destino Origen,2024-08-27 00:00:00,8A,Integrada,Metrosan,111922,3494.6744460078085,2024-11-04 05:11:05,2519.5010598360113
66,"(4714788.228875355, 2246596.0844600126)",Comercial Hotelera derecha,90009,304,Origen Destino_Destino Origen,2022-03-28 00:00:00,"Circular 304, 305, 308, 308D, 309, 309D",Circular,Invetrans,112517,36146.60536182623,2024-11-04 05:11:05,34754.59341117798
67,"(4715003.506722177, 2246843.8438026095)",Comercial Hotelera izquierda,90010,305,Origen Destino_Destino Origen,2018-08-01 00:00:00,"Circular 304, 305, 308, 308D, 309, 309D",Circular,Invetrans,112527,35542.931486107074,2024-11-04 05:11:05,34171.19611117645
68,"(4710270.325216811, 2249849.3109865007)",Conquistadores,90316,228i,Origen Destino_Destino Origen,2024-08-27 00:00:00,8A,Integrada,Metrosan,112002,3874.211386617976,2024-11-04 05:11:05,2849.8220161213912
69,"(4712635.131175285, 2249138.9497428443)",Corazón-Oriental,90300,203 Corazón,Origen Destino_Destino Origen,2018-08-01 00:00:00,8A,Directa Centro,Conducciones América,112275,19958.885606691918,2024-11-04 05:11:05,16303.20879319905
70,"(4712411.018210873, 2249281.6595476833)",Corazón-Plaza Minorista,90294,201B,Origen Destino_Destino Origen,2021-03-11 00:00:00,8A,Directa Centro,Conducciones América,112225,23168.79170515752,2024-11-04 05:11:05,18090.40098374871
71,"(4714900.362624137, 2251866.1884505833)",Córdoba,90095,260C,Origen Destino_Destino Origen,2024-08-27 00:00:00,2A,Directa Centro,Palenque Robledal,110355,16233.106106558655,2024-11-04 05:11:05,13147.460247659255
72,"(4710213.469318804, 2249885.9816314317)",Depósito,90310,226i-D,Origen Destino_Destino Origen,2024-08-27 00:00:00,8A,Integrada,Metrosan,111932,4165.950594384385,2024-11-04 05:11:05,2845.9126128525945
73,"(4715390.795361117, 2252557.2857911494)",Derecha Castilla - Estación Universidad,90108,261i Der,Origen Destino_Destino Origen,2018-08-01 00:00:00,2B,Integrada,Transporte Medellín Castilla,120702,10911.799533650332,2024-11-04 05:11:05,9726.851770123183
74,"(4715025.995279511, 2253907.0965330023)",Derecha - Circular Noroccidental,90126,306B,Origen Destino_Destino Origen,2024-08-27 00:00:00,2B,Integrada,Transporte Medellín Castilla,110772,15766.910665923433,2024-11-04 05:11:05,15394.974071875062
75,"(4708254.298164616, 2254710.267417075)",Derecha Vereda Boquerón - Parque San Cristóbal,90090,255V3,Origen Destino_Destino Origen,2024-08-27 00:00:00,2A,Directa No Centro,Rápido San Cristóbal,110186,20513.872451992822,2024-11-04 05:11:05,20513.872452004212
76,"(4714729.755266189, 2249825.275122019)",Directa Circular,90007,310,Origen Destino_Destino Origen,2021-11-11 00:00:00,"Circular Coonatra 300, 301, 310, 311",Circular,Coonatra,112467,19864.96128752154,2024-11-04 05:11:05,18195.859090135098
77,"(4714645.806092572, 2249987.237403221)",Directa Circular,90008,311,Origen Destino_Destino Origen,2021-11-11 00:00:00,"Circular Coonatra 300, 301, 310, 311",Circular,Coonatra,112477,28118.299470909944,2024-11-04 05:11:05,20047.517155847185
78,"(4717492.202845896, 2249147.801880664)",El Faro,90252,105,Origen Destino_Destino Origen,2024-08-27 00:00:00,6F,Directa Centro,Cootransmallat,111626,11776.916540487322,2024-11-04 05:11:05,8576.503586420875
79,"(4715314.505766233, 2251352.353365354)",El Hueco - Parque Berrío,90136,Anillo 2 Carrera 73,Origen Destino_Destino Origen,2024-08-27 00:00:00,2B,Directa Centro,Transporte Medellín Castilla,110455,15227.944713574489,2024-11-04 05:11:05,13550.986415785528
80,"(4717346.865172299, 2250778.5982697057)",El Jardín,90238,69,Origen Destino_Destino Origen,2024-08-27 00:00:00,6E,Directa Centro,Coopetransa,111515,16185.085317150995,2024-11-04 05:11:05,13105.861397393444
81,"(4709088.437049586, 2252983.3425554293)",El Llano,90351,255i,Origen Destino_Destino Origen,2024-08-27 00:00:00,2A,Integrada,Rápido San Cristóbal,113002,11921.304859216434,2024-11-04 05:11:05,9136.865144711657
82,"(4710473.145307412, 2249256.865029898)",El Morro-Travesías-Corazón-Santa Lucía,90298,202i,Origen Destino_Destino Origen,2018-08-01 00:00:00,8A,Integrada,Conducciones América,112252,12032.928768457312,2024-11-04 05:11:05,7619.828418754613
83,"(4708888.624267932, 2251512.8892171658)",El Patio-estación San Javier,90330,C23i,Origen Destino_Destino Origen,2024-08-27 00:00:00,8A,Integrada,Tax Maya,112092,22502.746754797638,2024-11-04 05:11:05,14156.032026952531
84,"(4716199.397598705, 2248417.3322594846)",El Salvador,90193,111,Origen Destino_Destino Origen,2024-08-27 00:00:00,6A,Directa Centro,Flota la Milagrosa,111155,13582.065189856658,2024-11-04 05:11:05,10671.717716278676
85,"(4716182.452765203, 2248484.1967357663)",El Salvador Barrio Nacional,90343,111,Origen Destino_Destino Origen,2024-08-27 00:00:00,6A,Directa Centro,Flota la Milagrosa,113015,12312.465006972363,2024-11-04 05:11:05,10097.149826214814
86,"(4716241.410670304, 2248439.7100818697)",El Salvador derecho,90191,111,Origen Destino_Destino Origen,2024-08-27 00:00:00,6A,Directa Centro,Flota la Milagrosa,112895,13692.167886909576,2024-11-04 05:11:05,10858.581879437907
87,"(4715417.90371476, 2253847.5080747777)",Estación Tricentenario,90110,261ii,Origen Destino_Destino Origen,2024-08-27 00:00:00,2B,Integrada,Transporte Medellín Castilla,110732,10580.161770547238,2024-11-04 05:11:05,8256.361747016717
88,"(4712643.804024122, 2248889.2565683587)",Estadio-Bolivariana-Laureles,90286,193i,Origen Destino_Destino Origen,2021-10-19 00:00:00,8A,Integrada,Autobuses Poblado Laureles,112392,12443.925422421398,2024-11-04 05:11:05,11851.392388813065
89,"(4712722.578655587, 2248871.922698417)",Estadio-Laureles Santa Teresita,90287,193ii,Origen Destino_Destino Origen,2021-10-19 00:00:00,8A,Integrada,Autobuses Poblado Laureles,112402,13859.267067944162,2024-11-04 05:11:05,13290.432023965628
90,"(4714458.2118123025, 2251124.0276115867)",Éxito,90099,267,Origen Destino_Destino Origen,2024-08-27 00:00:00,2A,Directa Centro,Palenque Robledal,110405,23741.32245271245,2024-11-04 05:11:05,20154.14983123093
91,"(4712952.13106628, 2249751.230026032)",Éxito Corazón,90292,201,Origen Destino_Destino Origen,2021-10-19 00:00:00,8A,Directa Centro,Conducciones América,112955,21301.939114036395,2024-11-04 05:11:05,18507.20875741494
92,"(4712919.077255205, 2249739.7053331286)",Éxito Corazón,90293,201,Origen Destino_Destino Origen,2021-10-19 00:00:00,8A,Directa Centro,Conducciones América,112965,21637.329955645633,2024-11-04 05:11:05,18668.697854427577
93,"(4716759.970043713, 2251782.7013148107)",Ferrocarril Minorista,90218,37 - 39,Origen Destino_Destino Origen,2020-07-13 00:00:00,6C,Directa Centro,Autocol,121385,22736.988777356928,2024-11-04 05:11:05,18143.273932556553
94,"(4715744.95231866, 2252741.658095776)",Florencia,90119,281,Origen Destino_Destino Origen,2024-08-27 00:00:00,2B,Directa Centro,Transporte Medellín Castilla,110625,21656.20274697688,2024-11-04 05:11:05,18811.39187737461
95,"(4715972.684771313, 2255352.0013857665)",Florencia-estación Acevedo,90122,283i,Origen Destino_Destino Origen,2024-08-27 00:00:00,2B,Integrada,Transporte Medellín Castilla,110752,9926.012492631255,2024-11-04 05:11:05,7633.868606472245
96,"(4711334.7575049875, 2250859.875655534)",Floresta,90322,243i,Origen Destino_Destino Origen,2024-08-27 00:00:00,8A,Integrada,Coonatra,112172,7113.7970572156555,2024-11-04 05:11:05,4259.1267904803935
97,"(4710982.767684626, 2250698.9709662823)",Floresta Directa,90323,243iD,Origen Destino_Destino Origen,2024-08-27 00:00:00,8A,Integrada,Coonatra,112182,5077.9980971496425,2024-11-04 05:11:05,3586.0389997196385
98,"(4713224.325043002, 2250164.636260366)",Floresta Estadio-Oriental,90317,240,Origen Destino_Destino Origen,2021-10-19 00:00:00,8A,Directa Centro,Conducciones América,112345,19771.777539959672,2024-11-04 05:11:05,18007.001809136913
99,"(4710634.766395819, 2250391.227296785)",Gabriela,90313,227i-B,Origen Destino_Destino Origen,2024-08-27 00:00:00,8A,Integrada,Metrosan,111972,3161.2500108630898,2024-11-04 05:11:05,2367.8306501050583
100,"(4717412.662475022, 2249130.3856224352)",Golondrinas,90247,105,Origen Destino_Destino Origen,2024-08-27 00:00:00,6F,Directa Centro,Cootransmallat,111606,11041.71663478285,2024-11-04 05:11:05,8085.567927096247
101,"(4717844.606852721, 2249452.3101490294)",Golondrinas horario especial,90250,105,Origen Destino_Destino Origen,2024-08-27 00:00:00,6F,Directa Centro,Cootransmallat,112925,7682.607996292291,2024-11-04 05:11:05,5058.27676381428
102,"(4717379.177411841, 2249150.2420790186)",Golondrinas horario nocturno,90251,105,Origen Destino_Destino Origen,2024-08-27 00:00:00,6F,Directa Centro,Cootransmallat,112935,10739.736363672535,2024-11-04 05:11:05,8164.03239496738
103,"(4717156.163846288, 2249684.989347779)",Golondrinas - Minorista,90249,105,Origen Destino_Destino Origen,2024-08-27 00:00:00,6F,Directa Centro,Cootransmallat,111616,11038.687637759565,2024-11-04 05:11:05,8033.911666312257
104,"(4716590.934269224, 2255485.999282781)",Gratamira-Estación Acevedo,90116,270i,Origen Destino_Destino Origen,2024-08-27 00:00:00,2B,Integrada,Transporte Medellín Castilla,110742,6388.161050512897,2024-11-04 05:11:05,5824.859667896626
105,"(4717103.859156264, 2252152.0899745068)",Hueco,90217,37 - 39,Origen Destino_Destino Origen,2020-07-13 00:00:00,6C,Directa Centro,Autocol,121375,19703.8390766202,2024-11-04 05:11:05,15171.759796808952
106,"(4715593.034456746, 2252740.145213775)",Izquierda Castilla - Estación Universidad,90109,261i Izq,Origen Destino_Destino Origen,2018-08-01 00:00:00,2B,Integrada,Transporte Medellín Castilla,120692,12706.698550758876,2024-11-04 05:11:05,11561.98930459526
107,"(4714953.26276059, 2253968.093642888)",Izquierda - Circular Noroccidental,90125,306A,Origen Destino_Destino Origen,2024-08-27 00:00:00,2B,Integrada,Transporte Medellín Castilla,110762,20172.66114259838,2024-11-04 05:11:05,17075.631980285867
108,"(4708249.566996523, 2254758.535800676)",Izquierda Vereda Boquerón - Parque San Cristóbal,90091,255V3,Origen Destino_Destino Origen,2024-08-27 00:00:00,2A,Directa No Centro,Rápido San Cristóbal,110176,20087.677436313406,2024-11-04 05:11:05,20087.677436328497
109,"(4714147.588844546, 2251344.6026190273)",Kennedy,90075,252,Origen Destino_Destino Origen,2021-10-19 00:00:00,2A,Directa Centro,Palenque Robledal,110325,20768.562739317196,2024-11-04 05:11:05,18673.98486102909
110,"(4709490.981338205, 2250793.647006146)",La Asomadera-estación San Javier,90329,C23i,Origen Destino_Destino Origen,2024-08-27 00:00:00,8A,Integrada,Tax Maya,112082,21928.207938326508,2024-11-04 05:11:05,8694.389058044146
111,"(4717937.83090884, 2250373.0663660523)",La Cruz,90335,085 L C,Origen Destino_Destino Origen,2024-08-27 00:00:00,6D,Directa Centro,Cootracovi,113425,14226.498450411946,2024-11-04 05:11:05,12121.010117987482
112,"(4707187.9454930145, 2253259.3183533507)",La Cuchilla,90349,255V5,Origen Destino_Destino Origen,2024-08-27 00:00:00,2A,Directa No Centro,Rápido San Cristóbal,112996,13261.848302199027,2024-11-04 05:11:05,8796.680504920385
113,"(4713212.874093746, 2249658.776274165)",La Divisa,90318,242,Origen Destino_Destino Origen,2020-05-11 00:00:00,8A,Directa Centro,Coonatra,112135,17628.006310200883,2024-11-04 05:11:05,17059.93229042008
114,"(4713316.757220509, 2249805.3138342393)",La Divisa,90320,243,Origen Destino_Destino Origen,2020-05-11 00:00:00,8A,Directa Centro,Coonatra,112155,22460.869221868106,2024-11-04 05:11:05,21274.775509475814
115,"(4717595.545593489, 2251750.4088469953)",La Esperanza,90235,56,Origen Destino_Destino Origen,2018-08-01 00:00:00,6E,Directa Centro,Cootranscol,131485,18021.429543261045,2024-11-04 05:11:05,14182.64212019983
116,"(4716465.853776537, 2252415.706554265)",La Francia,90202,6,Origen Destino_Destino Origen,2021-03-11 00:00:00,6B,Directa Centro,Transconor,111215,17181.210601193066,2024-11-04 05:11:05,16626.475927513988
117,"(4717806.06810741, 2250189.682057299)",La Honda,90232,085,Origen Destino_Destino Origen,2024-08-27 00:00:00,6D,Directa Centro,Cootracovi,111455,15068.530507512132,2024-11-04 05:11:05,10864.220580471772
118,"(4717544.871815624, 2250387.4192733974)",La Honda Minorista,90337,085 L H MINO,Origen Destino_Destino Origen,2024-08-27 00:00:00,6D,Directa Centro,Cootracovi,113435,16216.441001979112,2024-11-04 05:11:05,12057.587502689139
119,"(4713902.983925789, 2251028.758271377)",La Huerta,90071,250AH,Origen Destino_Destino Origen,2024-08-27 00:00:00,2A,Directa Centro,Palenque Robledal,110225,22084.040703865518,2024-11-04 05:11:05,17276.81923031918
120,"(4716963.925326959, 2247966.5676971283)",La Milagrosa,90188,110,Origen Destino_Destino Origen,2024-08-27 00:00:00,6A,Directa No Centro,Flota la Milagrosa,111146,11305.428195258097,2024-11-04 05:11:05,7977.3000796238475
121,"(4709013.626876436, 2251484.614994537)",La Palma-estación San Javier,90331,C23i,Origen Destino_Destino Origen,2024-08-27 00:00:00,8A,Integrada,Tax Maya,112102,21364.554472524025,2024-11-04 05:11:05,14302.112736628
122,"(4713233.944918032, 2249649.9887955524)",La Quiebra,90319,242,Origen Destino_Destino Origen,2020-05-11 00:00:00,8A,Directa Centro,Coonatra,112145,18314.619356184277,2024-11-04 05:11:05,16909.323977389286
123,"(4713298.428295105, 2249813.204749477)",La Quiebra,90321,243,Origen Destino_Destino Origen,2020-05-11 00:00:00,8A,Directa Centro,Coonatra,112165,22063.224062393052,2024-11-04 05:11:05,21468.590368453388
124,"(4712664.387832579, 2251898.3716707067)",Las Flores-Moravia-Centro,90093,255A,Origen Destino_Destino Origen,2020-03-10 00:00:00,2A,Directa Centro,Rápido San Cristóbal,110075,35635.27748438067,2024-11-04 05:11:05,24733.292066497805
125,"(4716084.97754507, 2248563.351920176)",Las Palmas,90195,112,Origen Destino_Destino Origen,2024-08-27 00:00:00,6A,Directa Centro,Copatra,111196,7203.389893329504,2024-11-04 05:11:05,6077.720474517436
126,"(4707390.459861002, 2253099.0157270595)",Las Playas,90347,255V4,Origen Destino_Destino Origen,2024-08-27 00:00:00,2A,Directa No Centro,Rápido San Cristóbal,112986,9338.308240224276,2024-11-04 05:11:05,7350.676344605167
127,"(4708862.359656404, 2251667.2534569423)",Las Playas-estación San Javier,90332,C23i,Origen Destino_Destino Origen,2024-08-27 00:00:00,8A,Integrada,Tax Maya,112112,21117.543464474824,2024-11-04 05:11:05,15273.11295949795
128,"(4711710.958269956, 2249168.1245940467)",Laureles Campestre-estación Santa Lucía - estación Floresta,90290,195ii,Origen Destino_Destino Origen,2021-10-19 00:00:00,8A,Integrada,Tax Maya,112032,10293.89830088059,2024-11-04 05:11:05,9242.91653076565
129,"(4713761.327425163, 2249316.4400341837)",Laureles Éxito,90283,191,Origen Destino_Destino Origen,2021-10-19 00:00:00,8A,Directa Centro,Autobuses Poblado Laureles,112365,19303.686196759973,2024-11-04 05:11:05,18699.92307448303
130,"(4713692.748417847, 2248281.7005820866)",Laureles Nogal # 1,90284,192,Origen Destino_Destino Origen,2022-03-28 00:00:00,8A,Directa Centro,Autobuses Poblado Laureles,112375,15487.079381918564,2024-11-04 05:11:05,14657.849583750361
131,"(4713484.421053506, 2248876.0989793963)",Laureles Nogal # 2,90285,193,Origen Destino_Destino Origen,2021-10-19 00:00:00,8A,Directa Centro,Autobuses Poblado Laureles,112385,18359.614207855266,2024-11-04 05:11:05,17414.22541490026
132,"(4713466.3437527325, 2248718.5134627535)",Laureles Parque,90282,190,Origen Destino_Destino Origen,2021-10-19 00:00:00,8A,Directa Centro,Autobuses Poblado Laureles,112355,18379.12699752645,2024-11-04 05:11:05,17189.90593922543
133,"(4717242.291046828, 2249135.265275679)",Llanadas,90244,91,Origen Destino_Destino Origen,2024-08-27 00:00:00,6F,Directa Centro,Copatra,111565,11106.809133409719,2024-11-04 05:11:05,8921.97068521638
134,"(4710047.284483076, 2249369.721042272)",Los Tanques-El Volcán-El Corazón-San Javier,90296,201i,Origen Destino_Destino Origen,2024-08-27 00:00:00,8A,Integrada,Conducciones América,112232,10836.48708324035,2024-11-04 05:11:05,6420.466418916773
135,"(4713597.236547725, 2251036.814474083)",Margaritas,90074,251,Origen Destino_Destino Origen,2024-08-27 00:00:00,2A,Directa Centro,Palenque Robledal,110315,21864.740076313166,2024-11-04 05:11:05,16345.318302327983
136,"(4709567.47733844, 2252772.6975555816)",Metrocable Aurora-Cárcel,90084,255i,Origen Destino_Destino Origen,2024-08-27 00:00:00,2A,Integrada,Rápido San Cristóbal,110112,10412.666208422597,2024-11-04 05:11:05,6762.843907769286
137,"(4709997.411008305, 2252862.2897773)",Metrocable La Aurora,90085,255iD,Origen Destino_Destino Origen,2024-08-27 00:00:00,2A,Integrada,Rápido San Cristóbal,110122,14955.116417639596,2024-11-04 05:11:05,8875.86441003418
138,"(4718529.391272761, 2248005.6171858413)",Mirlas,90276,103,Origen Destino_Destino Origen,2024-08-27 00:00:00,6H,Directa Centro,Cootransi,111855,19451.57956270794,2024-11-04 05:11:05,12702.168050174723
139,"(4717633.692118121, 2248331.239311627)",Mirlas Minorista,90277,103,Origen Destino_Destino Origen,2024-08-27 00:00:00,6H,Directa Centro,Cootransi,111865,24434.6483141626,2024-11-04 05:11:05,17591.814104837857
140,"(4714105.357656394, 2252235.7766763335)",Moravia,90072,250M,Origen Destino_Destino Origen,2018-08-01 00:00:00,2A,Integrada,Palenque Robledal,110272,20083.97770931307,2024-11-04 05:11:05,15244.766439870486
141,"(4712511.159837536, 2251602.722407891)",Nuevo Occidente El Tirol,90092,255A,Origen Destino_Destino Origen,2024-08-27 00:00:00,2A,Directa Centro,Rápido San Cristóbal,110095,30317.430661066595,2024-11-04 05:11:05,21859.64480042256
142,"(4712691.5174309295, 2251540.34702402)",Nuevo Occidente-Las Flores,90081,255A,Origen Destino_Destino Origen,2024-08-27 00:00:00,2A,Directa Centro,Rápido San Cristóbal,110085,33904.93247468663,2024-11-04 05:11:05,24247.349930599303
143,"(4716878.006856845, 2248235.7604139666)",Pablo E.,90198,113M,Origen Destino_Destino Origen,2024-08-27 00:00:00,6A,Directa Centro,Flota la Milagrosa,111186,8235.82563720756,2024-11-04 05:11:05,7360.966703053308
144,"(4716952.053613217, 2248177.3885105057)",Pablo Escobar-Cataluña,90187,102A,Origen Destino_Destino Origen,2024-08-27 00:00:00,6A,Directa No Centro,Cootranscataluña,111136,9010.10517573426,2024-11-04 05:11:05,7573.2292972310925
145,"(4713727.859966396, 2251089.2160245487)",Pajarito,90073,250AP,Origen Destino_Destino Origen,2021-10-19 00:00:00,2A,Directa Centro,Palenque Robledal,110235,26107.704996006796,2024-11-04 05:11:05,17981.997087550382
146,"(4711487.299970816, 2253039.251810473)",Pajarito integrada,90065,250AiP,Origen Destino_Destino Origen,2024-08-27 00:00:00,2A,Integrada,Palenque Robledal,110242,4477.451984190895,2024-11-04 05:11:05,2497.7922690258233
147,"(4707554.394377436, 2254660.4032541993)",Palmitas-Centro,90086,255P,Origen Destino_Destino Origen,2024-08-27 00:00:00,2A,Directa Centro,Rápido San Cristóbal,110135,53416.7118484144,2024-11-04 05:11:05,46071.22661682287
148,"(4715841.74985697, 2252226.194089273)",Parque Los Periodistas,90134,Anillo F3 Carrera 65,Origen Destino_Destino Origen,2024-08-27 00:00:00,2B,Directa Centro,Transporte Medellín Castilla,110555,17987.20632794402,2024-11-04 05:11:05,17319.902261061507
149,"(4715501.592684759, 2251745.888604499)",Parque Los Periodistas,90140,Anillo F3 Carrera 73,Origen Destino_Destino Origen,2020-05-11 00:00:00,2B,Directa Centro,Transporte Medellín Castilla,110495,16429.903275691133,2024-11-04 05:11:05,14832.529270087609
150,"(4709403.718949769, 2251561.297265937)",Pedregal Bajo-estación San Javier,90333,C23i,Origen Destino_Destino Origen,2024-08-27 00:00:00,8A,Integrada,Tax Maya,112122,19377.24937706231,2024-11-04 05:11:05,13125.258486174776
151,"(4710204.621184121, 2250308.1351820747)",Peñitas,90312,227i-A,Origen Destino_Destino Origen,2024-08-27 00:00:00,8A,Integrada,Metrosan,111962,5492.920755412485,2024-11-04 05:11:05,4230.468474406472
152,"(4717314.065471839, 2248586.9614890763)",Perlas,90270,95,Origen Destino_Destino Origen,2024-08-27 00:00:00,6H,Directa Centro,Copatra,111795,14225.21122750152,2024-11-04 05:11:05,11477.497521037327
153,"(4718148.574893863, 2248486.725814073)",Perlas,90278,107,Origen Destino_Destino Origen,2020-07-13 00:00:00,6H,Directa Centro,Cootransvi,111875,12260.058857728845,2024-11-04 05:11:05,8502.964413765507
154,"(4716891.136122923, 2248816.266763687)",Perlas Minorista,90271,95,Origen Destino_Destino Origen,2024-08-27 00:00:00,6H,Directa Centro,Copatra,111805,17260.827116515058,2024-11-04 05:11:05,14513.113410051632
155,"(4717033.366725589, 2248807.5032012477)",Perlas Minorista,90357,107,Origen Destino_Destino Origen,2024-08-27 00:00:00,6H,Directa Centro,Cootransvi,,21725.59889540666,2024-11-04 05:11:05,14849.522483170103
156,"(4714147.683830141, 2251759.928312342)",Picacho,90080,254,Origen Destino_Destino Origen,2021-10-19 00:00:00,2A,Directa Centro,Transporte Medellín Castilla,110425,22046.593930357307,2024-11-04 05:11:05,19516.717787893096
157,"(4714814.686698552, 2251702.553071373)",Pilarica,90106,254iB_TV 73,Origen Destino_Destino Origen,2024-08-27 00:00:00,2B,Integrada,Transporte Medellín Castilla,110782,10270.500254207369,2024-11-04 05:11:05,10204.849441820637
158,"(4714915.547431449, 2251717.961311774)",Pilarica,90371,254iB_TV 75,Origen Destino_Destino Origen,2024-08-27 00:00:00,2B,Integrada,Transporte Medellín Castilla,,9660.332924834605,2024-11-04 05:11:05,9594.682112443248
159,"(4714959.704412432, 2252013.6223564576)",Pilarica Calle 96,90124,289,Origen Destino_Destino Origen,2020-07-13 00:00:00,2B,Directa Centro,Transporte Medellín Castilla,110655,21370.637059137807,2024-11-04 05:11:05,17892.848636851395
160,"(4714840.848020389, 2251610.600687343)",Pilarica integrada,90105,254i,Origen Destino_Destino Origen,2024-08-27 00:00:00,2B,Integrada,Transporte Medellín Castilla,110682,9730.12361497152,2024-11-04 05:11:05,9664.47280258612
161,"(4716487.140258338, 2249155.248836066)",Pinal,90242,90,Origen Destino_Destino Origen,2024-08-27 00:00:00,6F,Directa Centro,Copatra,111545,15368.61621212076,2024-11-04 05:11:05,12491.655336632977
162,"(4717575.031346279, 2248856.8749822206)",Pinar Torres,90239,87,Origen Destino_Destino Origen,2024-08-27 00:00:00,6F,Directa Centro,Cootranspinal,111525,9729.823363818006,2024-11-04 05:11:05,7128.43325647251
163,"(4717051.765285543, 2249458.7320328844)",Pinar Torres,90241,88,Origen Destino_Destino Origen,2024-08-27 00:00:00,6F,Directa Centro,Cootranspinal,111535,11991.786415148981,2024-11-04 05:11:05,9341.769044026001
164,"(4716901.077284509, 2249159.9880003985)",Pinar Torres horario esp,90240,087 Horario Esp,Origen Destino_Destino Origen,2024-08-27 00:00:00,6F,Directa Centro,Cootranspinal,112905,13080.003317222752,2024-11-04 05:11:05,10478.613209871548
165,"(4716333.63169556, 2252256.6930247857)",Playón de los Comuneros,90206,24,Origen Destino_Destino Origen,2020-07-13 00:00:00,6B,Directa Centro,Transporte Aranjuez Santa Cruz,111245,10750.50165908178,2024-11-04 05:11:05,10750.50165909414
166,"(4716609.8576782355, 2252818.1056587156)",Playón de los Comuneros,90206,24,Origen Destino_Destino Origen,2021-08-18 00:00:00,6B,Directa Centro,Transporte Aranjuez Santa Cruz,111245,8805.080724760111,2024-11-04 05:11:05,8805.080724756781
167,"(4716512.3074264005, 2252367.672566262)",Playón de los Comuneros - Oriental,90207,24,Origen Destino_Destino Origen,2024-08-27 00:00:00,6B,Directa Centro,Transporte Aranjuez Santa Cruz,111255,18598.588130748547,2024-11-04 05:11:05,15705.279676756387
168,"(4716960.719236542, 2252146.080081294)",Popular Centro,90212,031 P-C,Origen Destino_Destino Origen,2024-08-27 00:00:00,6C,Directa Centro,Expreso Campo Valdés,121305,21527.872301461117,2024-11-04 05:11:05,16360.980375184758
169,"(4716788.930948665, 2251685.7116848193)",Popular Centro San Diego,90215,031 P-SD,Origen Destino_Destino Origen,2024-08-27 00:00:00,6C,Directa Centro,Expreso Campo Valdés,121295,23733.094616857787,2024-11-04 05:11:05,18566.202690573264
170,"(4716978.216747878, 2252313.04853573)",Popular Ferrocarril,90214,031 P-F,Origen Destino_Destino Origen,2024-08-27 00:00:00,6C,Directa Centro,Expreso Campo Valdés,121315,20959.444493804363,2024-11-04 05:11:05,15792.552567522049
171,"(4716797.949130105, 2252377.291825033)",Popular N° 1,90205,23,Origen Destino_Destino Origen,2024-08-27 00:00:00,6B,Directa Centro,Transporte Aranjuez Santa Cruz,111235,18281.149647993647,2024-11-04 05:11:05,16397.505152832036
172,"(4717473.536737693, 2248115.4464509343)",Quintalinda-El Vergel,90179,97,Origen Destino_Destino Origen,2024-08-27 00:00:00,6A,Directa No Centro,Flota la V,111106,13399.651622130441,2024-11-04 05:11:05,10266.984342174628
173,"(4710012.35807771, 2250052.187053635)",Quintas,90311,227i-1,Origen Destino_Destino Origen,2024-08-27 00:00:00,8A,Integrada,Metrosan,111982,5163.284322701688,2024-11-04 05:11:05,3536.5599771440775
174,"(4718108.849590955, 2248521.375630157)",Ratón Pelao,90280,107,Origen Destino_Destino Origen,2024-08-27 00:00:00,6H,Directa Centro,Cootransvi,111905,11627.957438758727,2024-11-04 05:11:05,7934.297154204152
175,"(4716971.10503378, 2248838.495713515)",Raton Pelao Minorista,90359,107,Origen Destino_Destino Origen,2024-08-27 00:00:00,6H,Directa Centro,Cootransvi,,18102.71028202043,2024-11-04 05:11:05,14309.466768355333
176,"(4713951.421580766, 2251021.0693388116)",Robledales,90067,250R,Origen Destino_Destino Origen,2024-08-27 00:00:00,2A,Directa Centro,Palenque Robledal,110215,20470.54720620001,2024-11-04 05:11:05,15069.34360880619
177,"(4713341.445666443, 2251636.830807769)",Robledal integrada,90069,250iR,Origen Destino_Destino Origen,2021-10-19 00:00:00,2A,Integrada,Palenque Robledal,110262,16777.705340090157,2024-11-04 05:11:05,11292.046267891481
178,"(4713675.8494188925, 2251974.031736245)",Robledo Aures integrada,90078,253iA,Origen Destino_Destino Origen,2020-04-01 00:00:00,2A,Integrada,Palenque Robledal,110292,16198.687058479827,2024-11-04 05:11:05,12962.736802101328
179,"(4713612.048798129, 2251763.9054464307)",Robledo Aures integrada Ramal,90079,253iAR,Origen Destino_Destino Origen,2020-05-11 00:00:00,2A,Integrada,Palenque Robledal,110302,14749.002514179136,2024-11-04 05:11:05,10762.615398780787
180,"(4714224.656554106, 2251089.372911829)",Robledo Villa Flora,90070,250VF,Origen Destino_Destino Origen,2024-08-27 00:00:00,2A,Directa Centro,Palenque Robledal,110205,21919.818436773727,2024-11-04 05:11:05,16731.993121701664
181,"(4711971.446942968, 2250814.964351247)",Rosales,90361,311iiR,Origen Destino_Destino Origen,2024-08-27 00:00:00,8A,Integrada,Coonatra,,4863.5854247043735,2024-11-04 05:11:05,2796.4567896559706
182,"(4714229.562598962, 2249888.617558954)",Rosales,90363,310R,Origen Destino_Destino Origen,2021-11-11 00:00:00,8A,Circular,Coonatra,,17564.853589151204,2024-11-04 05:11:05,16254.850465057747
183,"(4714735.190894012, 2250527.284973603)",Ruta de la Salud derecha,90011,308,Origen Destino_Destino Origen,2018-08-01 00:00:00,"Circular 304, 305, 308, 308D, 309, 309D",Circular,Coinvetrans,112537,24315.026819015056,2024-11-04 05:11:05,22405.78484448719
184,"(4715249.07694071, 2250428.7918008724)",Ruta de la Salud derecha directa,90012,308D,Origen Destino_Destino Origen,2024-08-27 00:00:00,"Circular 304, 305, 308, 308D, 309, 309D",Circular,Coinvetrans,112547,22423.848541601506,2024-11-04 05:11:05,18494.738046642346
185,"(4714730.727257634, 2250585.5849012327)",Ruta de la Salud izquierda,90013,309,Origen Destino_Destino Origen,2024-08-27 00:00:00,"Circular 304, 305, 308, 308D, 309, 309D",Circular,Coinvetrans,112557,25561.044755381583,2024-11-04 05:11:05,23622.360253944153
186,"(4714625.702480866, 2250544.938319376)",Ruta de la Salud izquierda directa,90014,309D,Origen Destino_Destino Origen,2024-08-27 00:00:00,"Circular 304, 305, 308, 308D, 309, 309D",Circular,Coinvetrans,112567,24498.4105965081,2024-11-04 05:11:05,22559.726095069007
187,"(4710208.665456507, 2249898.194342905)",Salado,90309,226i,Origen Destino_Destino Origen,2024-08-27 00:00:00,8A,Integrada,Metrosan,111942,4157.673372856703,2024-11-04 05:11:05,2838.7785721240775
188,"(4718228.612382954, 2248387.04083994)",San Antonio,90281,107,Origen Destino_Destino Origen,2024-08-27 00:00:00,6H,Directa Centro,Cootransvi,111885,13129.31570539909,2024-11-04 05:11:05,8925.084661210592
189,"(4717057.323876199, 2248758.985492307)",San Antonio-Minorista,90279,107,Origen Destino_Destino Origen,2024-08-27 00:00:00,6H,Directa Centro,Cootransvi,111895,19037.108202209107,2024-11-04 05:11:05,14859.76721157481
190,"(4709028.554912435, 2252360.5846439237)",San Cristóbal-Calle Negra-estación Aurora,90334,C23i,Origen Destino_Destino Origen,2024-08-27 00:00:00,8A,Integrada,Tax Maya,112072,17312.458276415506,2024-11-04 05:11:05,9234.919570938093
191,"(4711677.099219006, 2251542.152268807)",San Cristóbal -Conexión vial,90082,255D,Origen Destino_Destino Origen,2024-08-27 00:00:00,2A,Directa Centro,Rápido San Cristóbal,110105,23402.266885079738,2024-11-04 05:11:05,23149.255680418828
192,"(4712625.117559107, 2251399.35251695)",San Cristóbal - Doña María,90083,255,Origen Destino_Destino Origen,2024-08-27 00:00:00,2A,Directa Centro,Rápido San Cristóbal,110065,24492.08023375504,2024-11-04 05:11:05,19407.61912147496
193,"(4709026.237406385, 2251476.240392813)",San Cristóbal-estación San Javier,90328,C23i IZQUIERA,Origen Destino_Destino Origen,2024-08-27 00:00:00,8A,Integrada,Tax Maya,112062,21364.554472525095,2024-11-04 05:11:05,14200.636056314866
194,"(4709023.842986393, 2251503.2125397916)",San Cristóbal-estación San Javier,90355,C23i DERECHA,Origen Destino_Destino Origen,2024-08-27 00:00:00,8A,Integrada,Tax Maya,,28945.219743300608,2024-11-04 05:11:05,16118.46243445934
195,"(4711020.751441434, 2250556.178765115)",San Cristóbal-La Asomadera-Centro,90326,C23_Alterna,Origen Destino_Destino Origen,2021-05-19 00:00:00,8A,Directa Centro,Tax Maya,112055,35985.49858735257,2024-11-04 05:11:05,26849.74603744818
196,"(4711221.021431264, 2250448.338805115)",San Cristóbal-San Javier-La Loma-Centro,90327,C23,Origen Destino_Destino Origen,2021-05-19 00:00:00,8A,Directa Centro,Tax Maya,112045,31816.336293092518,2024-11-04 05:11:05,24765.16489030236
197,"(4713039.695282914, 2249289.130621002)",San Javier Derecho-Cuatro Esquinas-Oriental,90303,221B,Origen Destino_Destino Origen,2018-08-01 00:00:00,8A,Directa Centro,Conducciones América,112295,16649.290731716246,2024-11-04 05:11:05,14881.475585116652
198,"(4712849.2719997745, 2249359.924548524)",San Javier Derecho-La Caseta-Oriental,90302,221A,Origen Destino_Destino Origen,2018-08-01 00:00:00,8A,Directa Centro,Conducciones América,112285,17628.484880052933,2024-11-04 05:11:05,15741.295209218346
199,"(4713345.190531193, 2249292.75066858)",San Javier-Eduardo Santos-Oriental,90301,220,Origen Destino_Destino Origen,2020-05-11 00:00:00,8A,Directa Centro,Conducciones América,112305,16003.552304842638,2024-11-04 05:11:05,14803.860152886971
200,"(4712690.079486244, 2249757.6498571755)",San Javier La Loma-Minorista,90306,223,Origen Destino_Destino Origen,2021-03-11 00:00:00,8A,Directa Centro,Conducciones América,112335,23156.815202982874,2024-11-04 05:11:05,19102.47804306984
201,"(4712738.224257792, 2249547.7213131995)",San Javier Niza - Oriental,90305,222,Origen Destino_Destino Origen,2018-08-01 00:00:00,8A,Directa Centro,Conducciones América,112325,20824.33377225979,2024-11-04 05:11:05,17107.28745688797
202,"(4716389.736608167, 2251803.20369027)",Santa Cruz - Terminal,90203,22,Origen Destino_Destino Origen,2018-08-01 00:00:00,6B,Directa Centro,Transporte Aranjuez Santa Cruz,111225,16769.799353012688,2024-11-04 05:11:05,16256.773730480385
203,"(4722281.904470152, 2247650.751885074)",Santa Elena-Barro Blanco-Las Brisas-Medellín,90258,98 Directa 2,Origen Destino_Destino Origen,2022-03-02 00:00:00,6G,Directa No Centro,Transacoop,111676,78322.20954144889,2024-11-04 05:11:05,37000.93918955097
204,"(4722278.105544377, 2247656.552142101)",Santa Elena-Barro Blanco-Medellín,90263,98 Directa 7,Origen Destino_Destino Origen,2022-03-02 00:00:00,6G,Directa No Centro,Transacoop,111726,71391.30674761761,2024-11-04 05:11:05,36904.18055469555
205,"(4721404.436427632, 2246649.020904478)",Santa Elena-El Cerro-Las Brisas-Medellín,90264,98 Directa 8,Origen Destino_Destino Origen,2022-03-02 00:00:00,6G,Directa No Centro,Transacoop,111736,61393.5754711897,2024-11-04 05:11:05,25477.994773591672
206,"(4721079.518668966, 2246713.690436145)",Santa Elena-El Plan-Las Brisas-Medellín,90261,98 Directa 5,Origen Destino_Destino Origen,2022-03-02 00:00:00,6G,Directa No Centro,Transacoop,111706,69192.68372422279,2024-11-04 05:11:05,27414.283824175
207,"(4721065.360526757, 2247138.99947838)",Santa Elena-Las Brisas-Medellín,90259,98 Directa 3,Origen Destino_Destino Origen,2022-03-02 00:00:00,6G,Directa No Centro,Transacoop,111686,55586.11546377762,2024-11-04 05:11:05,22801.396287688367
208,"(4722284.454837182, 2247649.5692436732)",Santa Elena-Mazo-Las Brisas-Medellín,90257,98 Directa 1,Origen Destino_Destino Origen,2022-03-02 00:00:00,6G,Directa No Centro,Transacoop,111666,87708.97494871813,2024-11-04 05:11:05,37046.68110778675
209,"(4721216.504434703, 2246776.010329863)",Santa Elena-Perico-Las Brisas-Medellín,90260,98 Directa 4,Origen Destino_Destino Origen,2022-03-02 00:00:00,6G,Directa No Centro,Transacoop,111696,62873.38847620191,2024-11-04 05:11:05,25219.503550712045
210,"(4722064.509915357, 2248829.8388067754)",Santa Elena-Piedras Blancas-Las Brisas-Medellín,90265,98 Directa 9,Origen Destino_Destino Origen,2022-03-02 00:00:00,6G,Directa No Centro,Transacoop,111746,138599.38670564236,2024-11-04 05:11:05,41835.86991297761
211,"(4722098.801357036, 2248844.076197233)",Santa Elena-Piedras Blancas-Medellín,90262,98 Directa 6,Origen Destino_Destino Origen,2022-03-02 00:00:00,6G,Directa No Centro,Transacoop,111716,91194.7391685176,2024-11-04 05:11:05,41387.25033873054
212,"(4712281.924760651, 2251259.8438965557)",Santa Lucia,90324,311i,Origen Destino_Destino Origen,2024-08-27 00:00:00,8A,Integrada,Coonatra,112192,9589.40388206024,2024-11-04 05:11:05,7145.516384326931
213,"(4716827.440336538, 2248773.689988332)",Santa Lucía,90269,94,Origen Destino_Destino Origen,2024-08-27 00:00:00,6H,Directa Centro,Copatra,111785,16756.510539802377,2024-11-04 05:11:05,13663.308194051764
214,"(4712028.070620989, 2251192.733637402)",Santa Lucia Directa,90325,311ii,Origen Destino_Destino Origen,2024-08-27 00:00:00,8A,Integrada,Coonatra,112202,6221.318060315725,2024-11-04 05:11:05,4374.54055798871
215,"(4713334.091157708, 2249163.8083068174)",Santa Mónica-Oriental,90297,202,Origen Destino_Destino Origen,2020-05-11 00:00:00,8A,Directa Centro,Conducciones América,112245,15676.523588855845,2024-11-04 05:11:05,13992.626307643177
216,"(4715468.289115929, 2252289.3103854177)",Santander - Carrera 73,90117,280,Origen Destino_Destino Origen,2018-08-01 00:00:00,2B,Directa Centro,Transporte Medellín Castilla,110605,20621.097082158587,2024-11-04 05:11:05,17080.80059481491
217,"(4715445.401028204, 2252571.048191524)",Santander - Carrera 73,90118,280 Directa,Origen Destino_Destino Origen,2018-08-01 00:00:00,2B,Directa Centro,Transporte Medellín Castilla,110615,18765.805359129226,2024-11-04 05:11:05,15210.819315041597
218,"(4717472.661446388, 2251333.197940975)",Santo Domingo,90237,60,Origen Destino_Destino Origen,2024-08-27 00:00:00,6E,Directa Centro,Cootranscol,131505,14591.966337414866,2024-11-04 05:11:05,10851.816010921197
219,"(4714525.605296768, 2252842.883593506)",Seminario integrada,90096,260i,Origen Destino_Destino Origen,2024-08-27 00:00:00,2A,Integrada,Palenque Robledal,110392,12938.998388529415,2024-11-04 05:11:05,9934.877110821
220,"(4718536.9788322635, 2248034.245787221)",Sierra,90274,103,Origen Destino_Destino Origen,2024-08-27 00:00:00,6H,Directa Centro,Cootransi,111835,19299.351078598196,2024-11-04 05:11:05,12759.385281537037
221,"(4717642.081361576, 2248350.880738519)",Sierra Minorista,90275,103,Origen Destino_Destino Origen,2024-08-27 00:00:00,6H,Directa Centro,Cootransi,111845,24282.419830052855,2024-11-04 05:11:05,17649.03133620017
222,"(4713399.363448559, 2248980.5277253306)",Simón Bolívar-Unicentro-Centro,90288,195,Origen Destino_Destino Origen,2020-04-01 00:00:00,8A,Directa Centro,Tax Maya,112015,19771.237631351974,2024-11-04 05:11:05,18382.10076963182
223,"(4713079.907198086, 2249132.4434749936)",Simón Bolívar-Unicentro-estación Santa Lucía,90289,195i,Origen Destino_Destino Origen,2020-11-06 00:00:00,8A,Integrada,Tax Maya,112022,13880.091692073896,2024-11-04 05:11:05,13631.084545271815
224,"(4710493.571073717, 2250304.984238359)",Socorro,90314,227iB-2,Origen Destino_Destino Origen,2024-08-27 00:00:00,8A,Integrada,Metrosan,111992,3011.779642595471,2024-11-04 05:11:05,2596.1613876896627
225,"(4714851.63920417, 2248757.9847464217)",Terminal del Norte-Terminal del Sur,90004,313,Origen Destino_Destino Origen,2020-05-11 00:00:00,Circular 313,Circular,Combuses,142437,20445.24784025036,2024-11-04 05:11:05,20176.604385322167
226,"(4715627.535958955, 2250735.9221812487)",Terminal de Transporte Norte,90172,287,Origen Destino_Destino Origen,2020-05-11 00:00:00,5A,Directa Centro,Autobuses Poblado Laureles,110945,10186.7661723081,2024-11-04 05:11:05,10186.766172316904
227,"(4714983.894281964, 2251715.166039711)",Torres,90098,260T,Origen Destino_Destino Origen,2024-08-27 00:00:00,2A,Directa Centro,Palenque Robledal,110375,14608.176353560113,2024-11-04 05:11:05,12304.632119728152
228,"(4717381.679270145, 2249022.913715406)",Tres Esquinas,90254,106,Origen Destino_Destino Origen,2024-08-27 00:00:00,6F,Directa Centro,Cootransmallat,111646,10365.3861368338,2024-11-04 05:11:05,8005.824644463007
229,"(4717123.924003, 2249581.987890467)",Tres Esquinas - Minorista,90255,106,Origen Destino_Destino Origen,2024-08-27 00:00:00,6F,Directa Centro,Cootransmallat,111656,10356.063683099168,2024-11-04 05:11:05,7947.874926968806
230,"(4717808.365632285, 2249288.377190119)",Tres Esquinas - Minorista horario especial,90256,106,Origen Destino_Destino Origen,2024-08-27 00:00:00,6F,Directa Centro,Cootransmallat,112945,7414.076231875851,2024-11-04 05:11:05,5005.887475737898
231,"(4711809.366577282, 2253107.1539384634)",Tulipanes La Huerta integrada,90066,250Aii,Origen Destino_Destino Origen,2024-08-27 00:00:00,2A,Integrada,Palenque Robledal,110252,5506.116293044126,2024-11-04 05:11:05,3046.452274885806
232,"(4711977.196129177, 2251673.081858703)",Vereda El Llano - Centro,90088,255V1D,Origen Destino_Destino Origen,2024-08-27 00:00:00,2A,Directa Centro,Rápido San Cristóbal,110146,30474.72431176948,2024-11-04 05:11:05,22284.284953193168
233,"(4707855.8998276675, 2253224.2885228787)",Vereda El Llano - Parque San Cristóbal,90087,255V1,Origen Destino_Destino Origen,2024-08-27 00:00:00,2A,Directa No Centro,Rápido San Cristóbal,110156,6458.309906122921,2024-11-04 05:11:05,3912.194978077064
234,"(4701618.44469796, 2259730.398072148)",Vereda La Aldea,90103,255V,Origen Destino_Destino Origen,2024-08-27 00:00:00,2A,Directa No Centro,Rápido San Cristóbal,112826,10451.870849943014,2024-11-04 05:11:05,5409.4905594395605
235,"(4701837.612594221, 2258169.1978118285)",Vereda La Suiza-La Frisola-La Guayabala-La Volcana,90102,255V,Origen Destino_Destino Origen,2024-08-27 00:00:00,2A,Directa No Centro,Rápido San Cristóbal,112816,19125.49732206048,2024-11-04 05:11:05,9608.77639284067
236,"(4710245.636217491, 2253705.8482786575)",Vereda Yolombó - Parque San Cristóbal,90089,255V2,Origen Destino_Destino Origen,2024-08-27 00:00:00,2A,Directa No Centro,Rápido San Cristóbal,110166,15298.18446474737,2024-11-04 05:11:05,8163.9243666482125
237,"(4714384.794005702, 2250638.199354182)",Villa Flora-Curazao,90365,250VF_C,Origen Destino_Destino Origen,2021-11-11 00:00:00,2A,Directa Centro,Palenque Robledal,,16541.91213897484,2024-11-04 05:11:05,14120.4942088199
238,"(4713165.237074666, 2252250.6959525542)",Villa Flora integrada,90068,250iVF,Origen Destino_Destino Origen,2024-08-27 00:00:00,2A,Integrada,Palenque Robledal,110282,16026.49848643269,2024-11-04 05:11:05,9644.225439429189
239,"(4716824.837850344, 2250142.8767217584)",Villa Hermosa - Derecho,90229,81,Origen Destino_Destino Origen,2024-08-27 00:00:00,6D,Directa Centro,Flota Nueva Villa,111425,11936.55434006788,2024-11-04 05:11:05,10071.353329822394
240,"(4717177.913334746, 2249909.7491410514)",Villa Hermosa - La Mansión,90227,080 V-M,Origen Destino_Destino Origen,2024-08-27 00:00:00,6D,Directa Centro,Flota Nueva Villa,111395,14922.034985477918,2024-11-04 05:11:05,12769.708036822241
241,"(4716952.774540089, 2249686.802592249)",Villa Hermosa - La Mansión-Directa La 33,90226,080 V-33,Origen Destino_Destino Origen,2024-08-27 00:00:00,6D,Directa Centro,Flota Nueva Villa,111405,16630.45641119026,2024-11-04 05:11:05,14478.129462526984
242,"(4717531.335750321, 2250167.484345869)",Villa Hermosa - La Mansión-Directa Oriental,90228,080 V-O,Origen Destino_Destino Origen,2024-08-27 00:00:00,6D,Directa Centro,Flota Nueva Villa,111415,12610.376895389716,2024-11-04 05:11:05,10458.049946737077
243,"(4717587.166074076, 2250247.3965934184)",Villa Hermosa - Los Ángeles,90230,082 V-LA,Origen Destino_Destino Origen,2024-08-27 00:00:00,6D,Directa Centro,Flota Nueva Villa,111435,12981.780023891835,2024-11-04 05:11:05,10722.534581249354
244,"(4717595.0916222315, 2250248.1509128697)",Villa Hermosa - Los Ángeles - Directa,90231,082 V-LAD,Origen Destino_Destino Origen,2024-08-27 00:00:00,6D,Directa Centro,Flota Nueva Villa,111445,13084.349528728293,2024-11-04 05:11:05,10107.967807286102
245,"(4717555.049430842, 2250321.6070152777)",Villa Hermosa-Los Angeles-Hospital la Piloto,90370,082 V-LA PILOTO,Origen Destino_Destino Origen,2024-08-27 00:00:00,6D,Directa Centro,Flota Nueva Villa,,12961.371049558056,2024-11-04 05:11:05,10267.708655200928
246,"(4710771.92695149, 2249406.036768758)",Villa Laura-San Javier,90304,221i,Origen Destino_Destino Origen,2024-08-27 00:00:00,8A,Integrada,Conducciones América,112312,6674.717957551284,2024-11-04 05:11:05,4520.766350376434
247,"(4717241.009341126, 2252309.1480879183)",Villanueva,90219,37 - 39,Origen Destino_Destino Origen,2020-07-13 00:00:00,6C,Directa Centro,Autocol,121365,18861.890767747158,2024-11-04 05:11:05,14329.811487939374
248,"(4717244.731543687, 2248554.806162457)",Villatina,90272,95,Origen Destino_Destino Origen,2024-08-27 00:00:00,6H,Directa Centro,Copatra,111815,13417.469832647608,2024-11-04 05:11:05,10791.659400861488
249,"(4716816.046187601, 2248802.5443903063)",Villatina Minorista,90273,95,Origen Destino_Destino Origen,2024-08-27 00:00:00,6H,Directa Centro,Copatra,111825,16453.085721661144,2024-11-04 05:11:05,13827.27528987578
